"PRODUCT NUMBER","PRODUCT NAME","PRODUCT DESCRIPTION","PRODUCT BRAND","PRODUCT LINE","PRODUCT TYPE","PRODUCT COLOR","PRODUCT SIZE","INTRODUCTION DATE"
"52110","Granite Pulley","Light, simple and strong, a great all purpose pulley.","Granite","Mountaineering Equipment","Climbing Accessories","Black","Unspecified","2011-01-10 00:00:00.000000"
"37110","EverGlow Double","Light output approximates a 175 W bulb. Double mantle regulated. Porcelain dome. Uses 0.5 liter propane cylinder (not included).","EverGlow","Camping Equipment","Lanterns","Black","8-hour","2003-03-05 00:00:00.000000"
"38110","EverGlow Kerosene","One of the most dependable sources of light in an emergency, this lantern is always ready and doesn't need to be recharged. Cotton wick. Height: 30 cm.","EverGlow","Camping Equipment","Lanterns","Silver","25-hour","2003-03-05 00:00:00.000000"
"39110","EverGlow Butane","Adjustable brightness control with auto ignition. Safely stores in its own protective case.  Approximate burn time 5 hours on one 0.25 liter butane canister, included.","EverGlow","Camping Equipment","Lanterns","Blue","5-hour","2003-03-05 00:00:00.000000"
"40110","EverGlow Lamp","Perfect for in your tent, this lamp comes with a 6V battery.  Complete with shade and hanging hook.","EverGlow","Camping Equipment","Lanterns","Black","5-hour","2001-02-15 00:00:00.000000"
"41110","Flicker Lantern","Simple to use, just requires a candle to be inserted and lit.  Windproof, lasts for hours.","Firefly","Camping Equipment","Lanterns","Orange","8-hour","2011-01-10 00:00:00.000000"
"68120","Polar Sun","The Polar Sun sunglasses have 3 mm thick lenses, which makes excellent protective eyewear for sport and safety.","Polar","Personal Accessories","Eyewear","Blue","Men's","2011-01-01 00:00:00.000000"
"68190","Polar Sun","The Polar Sun sunglasses have 3 mm thick lenses, which makes excellent protective eyewear for sport and safety.","Polar","Personal Accessories","Eyewear","Blue","Women's","2011-01-01 00:00:00.000000"
"68200","Polar Sun","The Polar Sun sunglasses have 3 mm thick lenses, which makes excellent protective eyewear for sport and safety.","Polar","Personal Accessories","Eyewear","Red","Men's","2011-01-01 00:00:00.000000"
"68220","Polar Sun","The Polar Sun sunglasses have 3 mm thick lenses, which makes excellent protective eyewear for sport and safety.","Polar","Personal Accessories","Eyewear","Yellow","Women's","2011-01-01 00:00:00.000000"
"68230","Polar Sun","The Polar Sun sunglasses have 3 mm thick lenses, which makes excellent protective eyewear for sport and safety.","Polar","Personal Accessories","Eyewear","Red","Women's","2011-01-01 00:00:00.000000"
"68240","Polar Sun","The Polar Sun sunglasses have 3 mm thick lenses, which makes excellent protective eyewear for sport and safety.","Polar","Personal Accessories","Eyewear","Silver","Men's","2011-01-01 00:00:00.000000"
"1110","TrailChef Water Bag","Lightweight, collapsible bag to carry liquids easily.  Wide mouth for easy filling.  Holds 10 liters.","TrailChef","Camping Equipment","Cooking Gear","Clear","10 liters","2001-02-15 00:00:00.000000"
"2110","TrailChef Canteen","Aluminum canteen. Rugged fleece-lined cover with belt clips, removable shoulder sling and small pocket for water purification tablets bottle. Holds 2 liters","TrailChef","Camping Equipment","Cooking Gear","Brown","2 liters","2001-02-15 00:00:00.000000"
"3110","TrailChef Kitchen Kit","Zippered nylon pouch contains cutlery for two, can opener, wire whisk, scrubber sponge, 2  60 ml squirt bottles, pancake turner and salt and pepper shaker.  Measures 10 x 22 x 5 cm.","TrailChef","Camping Equipment","Cooking Gear","Unspecified","15-piece","2001-02-15 00:00:00.000000"
"4110","TrailChef Cup","Tin cup. Holds 0.4 liters. Weight: 60 g","TrailChef","Camping Equipment","Cooking Gear","Silver","330 ml","2001-02-15 00:00:00.000000"
"5110","TrailChef Cook Set","All you will ever need on the trail.  Pot gripper and nylon carrying bag included.  1.5 and 2 liter pots with individual lids. Weight: 750 g.","TrailChef","Camping Equipment","Cooking Gear","Silver","6-piece","2001-02-15 00:00:00.000000"
"42110","Husky Rope 50","11 mm diameter standard rope. Length: 50 m.  Weight: 78 g per meter. Impact Force: 7.2 kN. Static Elongation: 7.8%. Number of UIAA Falls: 16.","Husky","Mountaineering Equipment","Rope","Red","50 m","2011-01-10 00:00:00.000000"
"43110","Husky Rope 60","11 mm diameter standard rope. Length: 60 m.  Weight: 78 g per meter. Impact Force: 7.2 kN. Static Elongation: 7.8%. Number of UIAA Falls: 16.","Husky","Mountaineering Equipment","Rope","Red","60 m","2011-01-10 00:00:00.000000"
"44110","Husky Rope 100","11 mm diameter standard rope. Length: 100 m.  Weight: 78 g per meter. Impact Force: 7.2 kN. Static Elongation: 7.8%. Number of UIAA Falls: 16.","Husky","Mountaineering Equipment","Rope","Blue","100 m","2011-01-10 00:00:00.000000"
"45110","Husky Rope 200","11 mm diameter standard rope. Length: 200 m.  Weight: 78 g per meter. Impact Force: 7.2 kN. Static Elongation: 7.8%. Number of UIAA Falls: 16.","Husky","Mountaineering Equipment","Rope","Blue","200 m","2011-01-10 00:00:00.000000"
"46110","Granite Climbing Helmet","This UIAA approved helmet fits adults and kids, suitable for rock and alpine use.","Granite","Mountaineering Equipment","Safety","Orange","One-size","2011-01-10 00:00:00.000000"
"68250","Polar Sun","The Polar Sun sunglasses have 3 mm thick lenses, which makes excellent protective eyewear for sport and safety.","Polar","Personal Accessories","Eyewear","Yellow","Men's","2011-01-01 00:00:00.000000"
"69110","Polar Ice","Polar Ice sunglasses have polarized lenses to combat glare from snow. Unbreakable nylon frame.","Polar","Personal Accessories","Eyewear","Black","Men's","2001-02-15 00:00:00.000000"
"69120","Polar Ice","Polar Ice sunglasses have polarized lenses to combat glare from snow. Unbreakable nylon frame.","Polar","Personal Accessories","Eyewear","Black","Women's","2011-01-01 00:00:00.000000"
"70110","Polar Sports","Six base classic nylon composite frame sunglasses with wire core temples.","Polar","Personal Accessories","Eyewear","Blue","Men's","2012-01-01 00:00:00.000000"
"70120","Polar Sports","Six base classic nylon composite frame sunglasses with wire core temples.","Polar","Personal Accessories","Eyewear","Blue","Women's","2012-01-01 00:00:00.000000"
"70140","Polar Sports","Six base classic nylon composite frame sunglasses with wire core temples.","Polar","Personal Accessories","Eyewear","Red","Men's","2012-01-01 00:00:00.000000"
"70160","Polar Sports","Six base classic nylon composite frame sunglasses with wire core temples.","Polar","Personal Accessories","Eyewear","Yellow","Men's","2012-01-01 00:00:00.000000"
"6110","TrailChef Deluxe Cook Set","Cascade set features 1, 2, and 3 liter pots with individual lids that double as fry pans or plates. Pot gripper and nylon carrying bag included.  Weight: 1.4 kg.","TrailChef","Camping Equipment","Cooking Gear","Silver","9-piece","2003-03-05 00:00:00.000000"
"7110","TrailChef Single Flame","A single burner stove with integral tank.  It features precise flame control so you will never have to settle for burnt camp food again.  Weight 624 g, fuel is white gas.","TrailChef","Camping Equipment","Cooking Gear","Silver","Single-burner","2001-02-15 00:00:00.000000"
"8110","TrailChef Double Flame","The TrailChef Double Flame is a camp stove which attaches directly to fuel canisters. Features precise flame control and a built-in windscreen.  Weight is 850 g, fuel is propane.","TrailChef","Camping Equipment","Cooking Gear","Green","Double-burner","2003-03-05 00:00:00.000000"
"9110","TrailChef Kettle","This old-fashioned style kettle is made of durable enamel.  Weight: 350g, Holds 1.5 liters.","TrailChef","Camping Equipment","Cooking Gear","Ash","1.5 liters","2003-03-05 00:00:00.000000"
"10110","TrailChef Utensils","Spoon, fork and knife set made of a light yet strong metal alloy.  Carrying pouch included.","TrailChef","Camping Equipment","Cooking Gear","Silver","4-piece","2001-02-15 00:00:00.000000"
"47110","Husky Harness","One size fits all due to extensive waist belt adjustment and fully adjustable leg loops.","Husky","Mountaineering Equipment","Safety","Black","One-size","2011-01-10 00:00:00.000000"
"48110","Husky Harness Extreme","One size fits all. Top of the range fully adjustable technical harness. Ultra high strength belay loop rated in excess of 30kN. Rear haul loop rated to 10kN.","Extreme","Mountaineering Equipment","Safety","Black","One-size","2011-01-10 00:00:00.000000"
"49110","Granite Signal Mirror","Day or night signal mirror with gridded sighting hole.  6mm laminated glass. Soft carrying case included. Size: 8 x 13 cm. Weight: 400 g.","Granite","Mountaineering Equipment","Safety","Grey","Small","2011-01-10 00:00:00.000000"
"50110","Granite Carabiner","Made from 12 mm rod stock aluminum and a radius suitable for almost any rope size. Locks tight with almost any belay/rappel combination. Individually tested.","Granite","Mountaineering Equipment","Climbing Accessories","Silver","12 mm","2011-01-10 00:00:00.000000"
"51110","Granite Belay","The Granite Belay is an ingenious single rope belay device that uses carabiner movement to brake the rope.","Granite","Mountaineering Equipment","Climbing Accessories","Black","Unspecified","2011-01-10 00:00:00.000000"
"70200","Polar Sports","Six base classic nylon composite frame sunglasses with wire core temples.","Polar","Personal Accessories","Eyewear","Red","Women's","2012-01-01 00:00:00.000000"
"70240","Polar Sports","Six base classic nylon composite frame sunglasses with wire core temples.","Polar","Personal Accessories","Eyewear","Silver","Men's","2003-03-05 00:00:00.000000"
"70250","Polar Sports","Six base classic nylon composite frame sunglasses with wire core temples.","Polar","Personal Accessories","Eyewear","Yellow","Women's","2013-01-01 00:00:00.000000"
"71110","Polar Wave","Acrylex lenses in the Polar Wave sunglasses absorb up to 90% of visible light, 96% ultraviolet, and 82% infrared light. Unbreakable nylon frames.","Polar","Personal Accessories","Eyewear","Black","One-size","2003-03-05 00:00:00.000000"
"72110","Polar Extreme","Ideal for skiing and winter mountaineering. Frame is durable polyurethane with soft interior foam and adjustable woven elastic band providing an excellent fit. Weight: 139 g.","Extreme","Personal Accessories","Eyewear","Black","One-size","2006-10-26 00:00:00.000000"
"73110","Single Edge","Single stainless steel blade folding knife. Length: (closed) 5 cm, (blade) 4.5 cm. Blade thickness 2 mm.  Weight: 90 g.","Edge","Personal Accessories","Knives","Black","9.5 cm","2001-02-15 00:00:00.000000"
"11110","Star Lite","A perfect tent for biking and hiking trips, compact and very light.  Features three shock cord aluminum poles, and three large mesh windows.  Packed size: 15 x 40 cm. Weight: 0.5 kg.","Star","Camping Equipment","Tents","Beige","Two-person","2001-02-15 00:00:00.000000"
"12110","Star Dome","Four pole geodesic dome mountain tent that comfortably fits two to three people. 10 mm aluminum poles, mesh pole sleeves and taped seams.  Packed size: 22 x 63 cm. Weight: 4.8 kg.","Star","Camping Equipment","Tents","Red","Three-person","2003-03-05 00:00:00.000000"
"13110","Star Gazer 2","The Star Gazer 2 is the Great Outdoor's most versatile tent.  It is a large two-person tent that is both durable and light weight.  Packed size: 18 x 70 cm. Weight: 2.6 kg.","Star","Camping Equipment","Tents","Light Blue","Two-person","2001-02-15 00:00:00.000000"
"14110","Star Gazer 3","The Star Gazer 3 features a water proof fly, mesh window and two doors for good ventilation.  Packed size: 20 x 70 cm. Weight: 5.3 kg.","Star","Camping Equipment","Tents","Red","Three-person","2003-03-05 00:00:00.000000"
"15110","Star Gazer 6","Massive cabin tent has ample room for six people. Mesh door and vent, T-style door.  Four side windows with storm flaps and three carry bags for tent and poles.","Star","Camping Equipment","Tents","Blue","Six-person","2003-03-05 00:00:00.000000"
"90110","BugShield Extreme","Highest amount of the active ingredient, 38%, for up to 10 hours of protection. Repels black flies, ticks, mosquitoes, deer flies and stable flies. Clear, odorless formula. 100 ml.","Extreme","Outdoor Protection","Insect Repellents","Clear","100 ml","2001-02-15 00:00:00.000000"
"91110","Sun Blocker","Sun Blocker is waterproof and lasts up to eight hours. It contains natural skin conditioners and moisturizers, as well as titanium dioxide for the ultimate level of protection.","Sun","Outdoor Protection","Sunscreen","White","330 ml","2001-02-15 00:00:00.000000"
"92110","Sun Shelter Stick","Easy to apply to your nose, lips, ears and other sensitive areas. Provides long-lasting protection from sun, wind and water to keep your skin soft and moist.","Sun","Outdoor Protection","Sunscreen","White","250 ml","2001-02-15 00:00:00.000000"
"93110","Sun Shelter 15","SPF 15 protects against all harmful rays.","Sun","Outdoor Protection","Sunscreen","White","330 ml","2001-02-15 00:00:00.000000"
"94110","Sun Shelter 30","SPF 30 provides maximum protection and is long-lasting.","Sun","Outdoor Protection","Sunscreen","White","330 ml","2001-02-15 00:00:00.000000"
"95110","Sun Shield","PABA free sunscreen, SPF 30, poison oak and ivy protectant, waterproof, insect repellent against fleas, mosquitoes, deer ticks, gnats.  Moisturizer contains Vitamin E and Lanolin.","Sun","Outdoor Protection","Sunscreen","White","250 ml","2001-02-15 00:00:00.000000"
"64110","Mountain Man Digital","Tough rubber strap, digital face, hardened crystal, water-resistant to 50 meters.","Mountain Man","Personal Accessories","Watches","Blue","One-size","2001-02-15 00:00:00.000000"
"53110","Firefly Climbing Lamp","This climbing lamp is water-resistant. It comes with two bulbs, standard and halogen. Includes one 6V halogen bulb and one 6V standard bulb. Weight: 200g.","Firefly","Mountaineering Equipment","Climbing Accessories","Grey","12-hour","2011-01-10 00:00:00.000000"
"54110","Firefly Charger","Power charger for the Firefly Climbing Lamp. The charger cannot overcharge the Firefly battery, so you can leave it in the charger without worrying.","Firefly","Mountaineering Equipment","Climbing Accessories","Black","Unspecified","2011-01-10 00:00:00.000000"
"55110","Firefly Rechargeable Battery","Rechargeable battery pack for the Firefly Climbing Lamp. Each charge gives 3 hours of light with a halogen bulb and 9 hours with standard bulb. Battery may be recharged up to 1,000 times.","Firefly","Mountaineering Equipment","Climbing Accessories","Yellow","Unspecified","2011-01-10 00:00:00.000000"
"56110","Granite Chalk Bag","Nylon web bag perfect for holding several sticks of chalk.","Granite","Mountaineering Equipment","Climbing Accessories","Multicolored","Medium","2011-01-10 00:00:00.000000"
"57110","Granite Ice","A general purpose mountaineering axe for snow and glacier travel. Excellent mid-weight axe. Weight: 638 g","Granite","Mountaineering Equipment","Tools","Silver","30 cm","2011-01-10 00:00:00.000000"
"74110","Double Edge","Double stainless steel blade folding knife. Length: (closed) 6 cm, (blades) 5.5 cm and 3 cm. Blade thickness: 2 mm. Weight: 110 g.","Edge","Personal Accessories","Knives","Red","14.5 cm","2001-02-15 00:00:00.000000"
"75110","Edge Extreme","Multi-purpose pocketknife ruggedly constructed of stainless steel.  Includes 4 different blades, corkscrew, saw, scissors, pliers and more.","Extreme","Personal Accessories","Knives","Red","14.5 cm","2006-10-26 00:00:00.000000"
"76110","Bear Edge","Knife is 33 cm long with a 20 cm blade made of surgical stainless steel. The handle is laminated wood. The custom made sheath is black leather.","Edge","Personal Accessories","Knives","Black","33 cm","2001-02-15 00:00:00.000000"
"77110","Bear Survival Edge","Features a 23 cm razor edge blade tempered from a special blend of stainless steel. The hollow handle has a compartment containing survival gear including a compass. Overall length: 36cm.","Edge","Personal Accessories","Knives","Silver","23 cm","2006-10-26 00:00:00.000000"
"78110","Seeker 35","This 7 x 35 model is economical and performs well optically. Fully coated lenses, compact and  lightweight. Rubber covered for secure and comfortable grip. Soft carrying case included.","Seeker","Personal Accessories","Binoculars","Black","Unspecified","2001-02-15 00:00:00.000000"
"128190","Inferno","Inferno sunglasses have polarized, antiglare lenses and fiberglass frames. They come with a 5 year warranty.","Epoch","Personal Accessories","Eyewear","Yellow","Men's","2009-01-01 00:00:00.000000"
"128200","Inferno","Inferno sunglasses have polarized, antiglare lenses and fiberglass frames. They come with a 5 year warranty.","Epoch","Personal Accessories","Eyewear","Camouflage","Men's","2011-10-01 00:00:00.000000"
"128210","Inferno","Inferno sunglasses have polarized, antiglare lenses and fiberglass frames. They come with a 5 year warranty.","Epoch","Personal Accessories","Eyewear","Black","Women's","2011-01-01 00:00:00.000000"
"129110","Infinity","The Infinity offers the highest quality Swiss movement and comes with a life-time warranty.","Epoch","Personal Accessories","Watches","Black","Women's","2010-10-01 00:00:00.000000"
"129120","Infinity","The Infinity offers the highest quality Swiss movement and comes with a life-time warranty.","Epoch","Personal Accessories","Watches","Blue","Women's","2012-01-01 00:00:00.000000"
"129130","Infinity","The Infinity offers the highest quality Swiss movement and comes with a life-time warranty.","Epoch","Personal Accessories","Watches","Red","Women's","2010-02-01 00:00:00.000000"
"129140","Infinity","The Infinity offers the highest quality Swiss movement and comes with a life-time warranty.","Epoch","Personal Accessories","Watches","Yellow","Men's","2013-04-01 00:00:00.000000"
"16110","Star Peg","A single tent peg made of heavy-duty plated steel. Long enough even for hard, rocky ground. Length: 25 cm","Star","Camping Equipment","Tents","Silver","25 cm","2003-03-05 00:00:00.000000"
"17110","Hibernator Lite","The Hibernator Lite is the perfect summer sleeping bag.  Light weight and comfortable down to 10°C.  The rectangular shape allows for easy pairing.  Weight with stuff sack: 1.0 kg.","Hibernator","Camping Equipment","Sleeping Bags","Light Blue","195 cm","2003-03-05 00:00:00.000000"
"18110","Hibernator","The Hibernator is a three-season sleeping bag. The rectangular shape allows for easy pairing. Nylon shell material.  8 cm loft.  Comfortable down to 0°C.  One size fits up to 195 cm.","Hibernator","Camping Equipment","Sleeping Bags","Light Blue","195 cm","2001-02-15 00:00:00.000000"
"19110","Hibernator Extreme","The Hibernator Extreme has all the features you need for four-season comfort.  Comfortable from -18° to 9°C. Silk comfort lining, nylon shell. Fits users to 195 cm, stuff sack included.","Extreme","Camping Equipment","Sleeping Bags","Dark Blue","195 cm","2006-10-26 00:00:00.000000"
"96110","Compact Relief Kit","A personal first aid kit is recommended for every outdoor hiker or camper. Contains basic wound management, advanced infectious control, and more. Size: 17 x 10 x 7 cm. Weight: 0.3 kg.","Relief","Outdoor Protection","First Aid","White","30-piece","2001-02-15 00:00:00.000000"
"97110","Deluxe Family Relief Kit","A complete medical kit suitable for families with children.  Contains cough syrup, oral rehydration salts, advanced wound management, and more.  Size: 22 x 12 x 7 cm. Weight: 0.6 kg.","Relief","Outdoor Protection","First Aid","White","60-piece","2003-03-05 00:00:00.000000"
"98110","Calamine Relief","Use the Calamine Relief for allergic skin reactions, helps combat itching and swelling.","Relief","Outdoor Protection","First Aid","Clear","250 ml","2001-02-15 00:00:00.000000"
"99110","Aloe Relief","Perfect for minor burns and sunburn, the aloe vera provides quick relief.","Relief","Outdoor Protection","First Aid","Clear","330 ml","2001-02-15 00:00:00.000000"
"58110","Granite Hammer","A solid hammer made with a solid hard wood handle and steel head.  Weight: 800g.","Granite","Mountaineering Equipment","Tools","Brown","30 cm","2011-01-10 00:00:00.000000"
"59110","Granite Shovel","Shovel has removable aluminum handle and heat treated aluminum blade.","Granite","Mountaineering Equipment","Tools","Black","55 cm","2011-01-10 00:00:00.000000"
"60110","Granite Grip","All-purpose stainless steel pliers. Sheath included. Length (closed) 12cm, (open) 16 cm. Weight: 200 g.","Granite","Mountaineering Equipment","Tools","Red","12 cm","2011-01-10 00:00:00.000000"
"61110","Granite Axe","Camping axe with clear coated wood handle.","Granite","Mountaineering Equipment","Tools","Brown","61 cm","2011-01-10 00:00:00.000000"
"62110","Granite Extreme","The Edge Extreme is a collapsible plier-shaped gadget, three knife blades, file and scissors, perfect for the outdoors.  Carrying case included.","Extreme","Mountaineering Equipment","Tools","Silver","25 cm","2011-01-10 00:00:00.000000"
"63110","Mountain Man Analog","Padded leather strap, precision Swiss quartz movement, sweep second hand, 24-hour time ring, luminous hands and markers, hardened mineral crystal.","Mountain Man","Personal Accessories","Watches","Green","Men's","2001-02-15 00:00:00.000000"
"79110","Seeker 50","Rubber coated and ergonomically designed. The wide angle of view of 10 x 50 keeps more of your subject in view at high magnification. Soft carrying case included.","Seeker","Personal Accessories","Binoculars","Black","Unspecified","2001-02-15 00:00:00.000000"
"80110","Seeker Extreme","These ergonomic binoculars are light-weight and easy to hold.  Strong construction make them impervious to water, fog and thermal shocks. Soft carrying case included.","Extreme","Personal Accessories","Binoculars","Black","Unspecified","2003-03-05 00:00:00.000000"
"81110","Seeker Mini","This 8 x 22 model is economical and performs well optically. Fully coated lenses, compact and  light-weight. Rubber covered for secure and comfortable grip. Soft carrying case included.","Seeker","Personal Accessories","Binoculars","Black","Unspecified","2003-03-05 00:00:00.000000"
"82110","Glacier Basic","Traditional magnetic compass in a stainless steel casing.","Glacier","Personal Accessories","Navigation","Silver","Unspecified","2003-03-05 00:00:00.000000"
"129150","Infinity","The Infinity offers the highest quality Swiss movement and comes with a life-time warranty.","Epoch","Personal Accessories","Watches","Black","Men's","2011-01-01 00:00:00.000000"
"129160","Infinity","The Infinity offers the highest quality Swiss movement and comes with a life-time warranty.","Epoch","Personal Accessories","Watches","Yellow","Men's","2009-01-01 00:00:00.000000"
"129170","Infinity","The Infinity offers the highest quality Swiss movement and comes with a life-time warranty.","Epoch","Personal Accessories","Watches","Blue","Men's","2012-01-01 00:00:00.000000"
"129180","Infinity","The Infinity offers the highest quality Swiss movement and comes with a life-time warranty.","Epoch","Personal Accessories","Watches","Red","Men's","2009-01-01 00:00:00.000000"
"130110","Lux","The Lux watch is a precision Swiss quartz movement. It comes with a 10 year warranty.","Xray","Personal Accessories","Watches","Black","One-size","2009-01-01 00:00:00.000000"
"130120","Lux","The Lux watch is a precision Swiss quartz movement. It comes with a 10 year warranty.","Xray","Personal Accessories","Watches","Brown","One-size","2012-10-01 00:00:00.000000"
"130130","Lux","The Lux watch is a precision Swiss quartz movement. It comes with a 10 year warranty.","Xray","Personal Accessories","Watches","Silver","One-size","2009-01-01 00:00:00.000000"
"130140","Lux","The Lux watch is a precision Swiss quartz movement. It comes with a 10 year warranty.","Xray","Personal Accessories","Watches","White","One-size","2013-01-01 00:00:00.000000"
"20110","Hibernator Self - Inflating Mat","Mattress is made of extra-thick foam. Mesh stuff sack included for easy carrying and storage. Repair kit included.","Hibernator","Camping Equipment","Sleeping Bags","Blue","195 cm","2003-03-05 00:00:00.000000"
"21110","Hibernator Pad","Warms up quickly for snow camping comfort. The Hibernator Pad will resist cracking in temperatures as low as -30°C.","Hibernator","Camping Equipment","Sleeping Bags","Grey","195 cm","2001-02-15 00:00:00.000000"
"22110","Hibernator Pillow","Camp pillow is filled with soft, luxurious fibers for maximum compactness and resiliency. Covered with soft cotton on one side and soft flannel on the other.","Hibernator","Camping Equipment","Sleeping Bags","Purple","Unspecified","2001-02-15 00:00:00.000000"
"23110","Hibernator Camp Cot","Aluminum frame camp cot that is lightweight and durable.  Size: 100 x 225 x 50 cm.  Weight: 7 kg.","Hibernator","Camping Equipment","Sleeping Bags","Brown","225 cm","2003-03-05 00:00:00.000000"
"24110","Canyon Mule Climber Backpack","This pack is perfect for day trips and short hikes. Also great for students.  Separate front compartment, multi-layered interior organizer, 2 cm waist belt, 32,000 cu. cm.","Canyon Mule","Camping Equipment","Packs","Red","32000 cc","2003-03-05 00:00:00.000000"
"100110","Insect Bite Relief","The Insect Bite Relief helps the itching and swelling caused by most insect bites.","Relief","Outdoor Protection","First Aid","Clear","250 ml","2001-02-15 00:00:00.000000"
"101110","Hailstorm Steel Irons","Iron is 17-4 stainless steel.  Shafts are graphite with a frequency matched throughout the set. Includes 3 iron to Pitching Wedge.","Hailstorm","Golf Equipment","Irons","Silver","Men's","2009-12-15 00:00:00.000000"
"102110","Hailstorm Titanium Irons","Made entirely of pure titanium. The ultimate in golf club technology. Lightweight graphite shaft and light overall weight. Includes 3 iron to Pitching Wedge.","Hailstorm","Golf Equipment","Irons","Silver","Men's","2009-12-10 00:00:00.000000"
"103110","Lady Hailstorm Steel Irons","Iron is 17-4 stainless steel.  Shafts are graphite with a frequency matched throughout the set. Includes 3 iron to Pitching Wedge.","Hailstorm","Golf Equipment","Irons","Silver","Women's","2009-12-10 00:00:00.000000"
"104110","Lady Hailstorm Titanium Irons","Made entirely of pure titanium. A wider sole and loft system to help you get the ball airborne with less effort. Includes 3 iron to Pitching Wedge.","Hailstorm","Golf Equipment","Irons","Silver","Women's","2009-12-18 00:00:00.000000"
"63130","Mountain Man Analog","Padded leather strap, precision Swiss quartz movement, sweep second hand, 24-hour time ring, luminous hands and markers, hardened mineral crystal.","Mountain Man","Personal Accessories","Watches","Orange","Women's","2011-01-01 00:00:00.000000"
"63140","Mountain Man Analog","Padded leather strap, precision Swiss quartz movement, sweep second hand, 24-hour time ring, luminous hands and markers, hardened mineral crystal.","Mountain Man","Personal Accessories","Watches","Orange","Men's","2011-01-01 00:00:00.000000"
"147180","Zone","Zone sunglasses are scratch-resistant and offer full protection from ultraviolet light.","Relax","Personal Accessories","Eyewear","Silver","Men's","2009-01-01 00:00:00.000000"
"65110","Mountain Man Deluxe","Tough rubber strap, precision Swiss quartz movement, imbedded digital face, luminous hands and markers, hardened mineral crystal, start and stop buttons, water-resistant to 50 meters.","Mountain Man","Personal Accessories","Watches","Red","Women's","2003-03-05 00:00:00.000000"
"65120","Mountain Man Deluxe","Tough rubber strap, precision Swiss quartz movement, imbedded digital face, luminous hands and markers, hardened mineral crystal, start and stop buttons, water-resistant to 50 meters.","Mountain Man","Personal Accessories","Watches","Red","Men's","2012-01-01 00:00:00.000000"
"83110","Glacier Deluxe","Magnetic Compass has a large sighting mirror with v-notch allowing for quick acquisition and accurate bearings to distant landmarks.","Glacier","Personal Accessories","Navigation","Black","Unspecified","2003-03-05 00:00:00.000000"
"84110","Glacier GPS","Global Positioning System that is small, lightweight, and rugged. Incredibly easy to use, dedicated operation keys, and three user-friendly navigation screens.","Glacier","Personal Accessories","Navigation","Black","Unspecified","2003-03-05 00:00:00.000000"
"85110","Glacier GPS Extreme","Hand held GPS receiver with color display. Incredibly easy to use, three user-friendly navigation screens, and saves two routes. Up to 20 hours of battery life just on two AA batteries.","Extreme","Personal Accessories","Navigation","Black","Unspecified","2005-06-12 00:00:00.000000"
"86110","BugShield Natural","Contains no chemicals. Repels mosquitoes, black flies, biting midges, and fleas effectively. Safe for children and environmentally sound.  Active ingredient: Citronella 10%. 100 ml.","BugShield","Outdoor Protection","Insect Repellents","Clear","100 ml","2001-02-15 00:00:00.000000"
"87110","BugShield Spray","Repels black flies, ticks, mosquitoes, chiggers, deer flies and stable flies. Protects against Lyme ticks. Contains 23.75% active ingredient. Clear, odorless formula. 100 ml.","BugShield","Outdoor Protection","Insect Repellents","Clear","100 ml","2001-02-15 00:00:00.000000"
"130150","Lux","The Lux watch is a precision Swiss quartz movement. It comes with a 10 year warranty.","Xray","Personal Accessories","Watches","Yellow","One-size","2013-04-01 00:00:00.000000"
"131110","Max Gizmo","A versatile pocket tool that includes LED light, 1GB memory stick, pen, serrated blade, corkscrew and serrated cutter. Comes with a life time warranty.","Trakker","Personal Accessories","Knives","Red","11 cm","2010-05-01 00:00:00.000000"
"131120","Max Gizmo","A versatile pocket tool that includes LED light, 1GB memory stick, pen, serrated blade, corkscrew and serrated cutter. Comes with a life time warranty.","Trakker","Personal Accessories","Knives","Silver","11 cm","2009-01-01 00:00:00.000000"
"131130","Max Gizmo","A versatile pocket tool that includes LED light, 1GB memory stick, pen, serrated blade, corkscrew and serrated cutter. Comes with a life time warranty.","Trakker","Personal Accessories","Knives","Camouflage","11 cm","2012-01-01 00:00:00.000000"
"132110","Maximus","Maximus sunglasses are the most durable eyewear on the market. They come with a 5-year unconditional warranty.","Alpha","Personal Accessories","Eyewear","Black","Men's","2009-01-01 00:00:00.000000"
"25110","Canyon Mule Weekender Backpack","A weekend getaway requires this pack.  It features a large front compression pocket, harness and waist belt, foam molded back panel, vinyl covered gear loops.  50,000 cu. cm.","Canyon Mule","Camping Equipment","Packs","Blue","50000 cc","2001-02-15 00:00:00.000000"
"26110","Canyon Mule Journey Backpack","Set of three packs: handlebar pack, front pack and rear pack.  Designed to fit most mountain bikes.  Includes mounting hardware.  Total volume: 66,000 cu. cm.","Canyon Mule","Camping Equipment","Packs","Black","66000 cc","2001-02-15 00:00:00.000000"
"27110","Canyon Mule Extreme Backpack","Perfect for long back country trips, this pack features an expandable front pocket, includes a large sleeping bag compartment, padded shoulder harness, back and waist belt. 90,000 cu. cm.","Extreme","Camping Equipment","Packs","Blue","90000 cc","2003-03-05 00:00:00.000000"
"28110","Canyon Mule Cooler","A durable plastic cooler with hinged top, perfect for storing small items. Size:100 x 50 x 50 cm.","Canyon Mule","Camping Equipment","Packs","Blue","250000 cc","2001-02-15 00:00:00.000000"
"105110","Hailstorm Titanium Woods Set","Crafted of 6-4 titanium which is 40% lighter and 20% stronger than 17-4 steel.  Includes 3 Wood, 5 Wood and 12 degree driver.","Hailstorm","Golf Equipment","Woods","Bronze","Men's","2009-12-27 00:00:00.000000"
"106110","Hailstorm Steel Woods Set","These steel woods are manufactured to exact tolerances to ensure maximum transfer of energy between the club head and the golf ball. Includes 3 Wood, 5 Wood and 12 degree driver.","Hailstorm","Golf Equipment","Woods","Mahogany","Men's","2009-12-05 00:00:00.000000"
"107110","Lady Hailstorm Titanium Woods Set","Crafted of 6-4 titanium which is 40% lighter and 20% stronger than 17-4 steel. Includes 3 Wood, 5 Wood and 12 degree driver.","Hailstorm","Golf Equipment","Woods","Bronze","Women's","2010-01-13 00:00:00.000000"
"108110","Lady Hailstorm Steel Woods Set","These steel woods are manufactured to exact tolerances to ensure maximum transfer of energy between the club head and the golf ball. Includes 3 Wood, 5 Wood and 12 degree driver.","Hailstorm","Golf Equipment","Woods","Mahogany","Women's","2009-12-27 00:00:00.000000"
"109110","Course Pro Putter","High quality putter is cast  from a soft yellow brass alloy to give the putter its uniquely soft feel at impact.","Course Pro","Golf Equipment","Putters","Brass","One-size","2009-12-10 00:00:00.000000"
"66110","Mountain Man Combination","Combination watch, altimeter, compass and barometric gauge.  Heavy duty rubber strap,  hardened mineral crystal.","Mountain Man","Personal Accessories","Watches","Black","One-size","2003-03-05 00:00:00.000000"
"67110","Mountain Man Extreme","Solid titanium case, crown, bezel.  Combination nylon and rubber strap. Analog representation on digital interface.  Backlit, hardened mineral crystal, water-resistant to 100 meters.","Extreme","Personal Accessories","Watches","Silver","One-size","2006-10-26 00:00:00.000000"
"68110","Polar Sun","The Polar Sun sunglasses have 3 mm thick lenses, which makes excellent protective eyewear for sport and safety.","Polar","Personal Accessories","Eyewear","Silver","Women's","2001-02-15 00:00:00.000000"
"147120","Zone","Zone sunglasses are scratch-resistant and offer full protection from ultraviolet light.","Relax","Personal Accessories","Eyewear","Blue","Women's","2009-01-01 00:00:00.000000"
"147130","Zone","Zone sunglasses are scratch-resistant and offer full protection from ultraviolet light.","Relax","Personal Accessories","Eyewear","Brown","Women's","2009-01-01 00:00:00.000000"
"147140","Zone","Zone sunglasses are scratch-resistant and offer full protection from ultraviolet light.","Relax","Personal Accessories","Eyewear","Silver","Women's","2012-01-01 00:00:00.000000"
"88110","BugShield Lotion Lite","Repels black flies, ticks, mosquitoes, chiggers, deer flies and stable flies. Contains 8.75% active ingredient for a lighter application. Odorless cream. 100 ml.","BugShield","Outdoor Protection","Insect Repellents","Clear","100 ml","2001-02-15 00:00:00.000000"
"89110","BugShield Lotion","Repels black flies, ticks, mosquitoes, chiggers, deer flies and stable flies. Protects against Lyme ticks. Contains 23.75% active ingredient. Odorless cream. 100 ml.","BugShield","Outdoor Protection","Insect Repellents","Clear","100 ml","2001-02-15 00:00:00.000000"
"136120","Sam","The Sam watch has a sophisticated quartz movement, and both analog and digital time display.  Comes with a 5 year warranty.","Relax","Personal Accessories","Watches","Orange","One-size","2009-01-01 00:00:00.000000"
"136130","Sam","The Sam watch has a sophisticated quartz movement, and both analog and digital time display.  Comes with a 5 year warranty.","Relax","Personal Accessories","Watches","Pink","One-size","2012-07-01 00:00:00.000000"
"136140","Sam","The Sam watch has a sophisticated quartz movement, and both analog and digital time display.  Comes with a 5 year warranty.","Relax","Personal Accessories","Watches","Red","One-size","2009-01-01 00:00:00.000000"
"132120","Maximus","Maximus sunglasses are the most durable eyewear on the market. They come with a 5-year unconditional warranty.","Alpha","Personal Accessories","Eyewear","Brown","Men's","2009-01-01 00:00:00.000000"
"132130","Maximus","Maximus sunglasses are the most durable eyewear on the market. They come with a 5-year unconditional warranty.","Alpha","Personal Accessories","Eyewear","Orange","Men's","2009-01-01 00:00:00.000000"
"132140","Maximus","Maximus sunglasses are the most durable eyewear on the market. They come with a 5-year unconditional warranty.","Alpha","Personal Accessories","Eyewear","Red","Men's","2012-06-01 00:00:00.000000"
"132150","Maximus","Maximus sunglasses are the most durable eyewear on the market. They come with a 5-year unconditional warranty.","Alpha","Personal Accessories","Eyewear","Silver","Men's","2011-04-01 00:00:00.000000"
"132160","Maximus","Maximus sunglasses are the most durable eyewear on the market. They come with a 5-year unconditional warranty.","Alpha","Personal Accessories","Eyewear","Yellow","Men's","2009-01-01 00:00:00.000000"
"132170","Maximus","Maximus sunglasses are the most durable eyewear on the market. They come with a 5-year unconditional warranty.","Alpha","Personal Accessories","Eyewear","Camouflage","Men's","2010-08-01 00:00:00.000000"
"133110","Opera Vision","3.6x opera glasses maintain image and color fidelity in all lighting conditions. The brushed aluminum body fits snugly into any purse or pocket. Includes a soft leather case and carrying loop.","Antoni","Personal Accessories","Binoculars","Camouflage","Unspecified","2009-01-01 00:00:00.000000"
"29110","Canyon Mule Carryall","This pack has a large capacity, perfect for carrying all your camping gear.  Solid metal zipper and leather bottom.","Canyon Mule","Camping Equipment","Packs","Blue","120000 cc","2003-03-05 00:00:00.000000"
"30110","Firefly Lite","Lightweight flashlight made from aircraft aluminum. Focusable beam, tail cap push button allows for single-handed operation. Uses two AA batteries, included.","Firefly","Camping Equipment","Lanterns","Black","5-hour","2003-03-05 00:00:00.000000"
"31110","Firefly Mapreader","Clip-on flashlight for map or book reading. Also comes with flexible fiber optic extension. Lightweight, uses only one AA battery, included.","Firefly","Camping Equipment","Lanterns","Yellow","5-hour","2003-03-05 00:00:00.000000"
"32110","Firefly 2","A high quality aluminum flashlight with Krypton bulb.  Uses two D batteries, included.","Firefly","Camping Equipment","Lanterns","Silver","12-hour","2001-02-15 00:00:00.000000"
"33110","Firefly 4","Made of solid plastic construction, adjustable beam (flood to spot), Krypton bulb.  Uses four D batteries, included.","Firefly","Camping Equipment","Lanterns","Yellow","25-hour","2003-03-05 00:00:00.000000"
"110110","Blue Steel Putter","This premium putter has copper mixed with lightweight aluminum for a smooth touch.","Blue Steel","Golf Equipment","Putters","Black","One-size","2009-12-10 00:00:00.000000"
"111110","Blue Steel Max Putter","Putter head is composed from a single piece of the softest carbon steel for optimum feel.","Blue Steel","Golf Equipment","Putters","Bronze","One-size","2009-12-15 00:00:00.000000"
"112110","Course Pro Golf and Tee Set","Set includes two premium golf ball and an assortment of wooden golf tees.","Course Pro","Golf Equipment","Golf Accessories","Multicolored","Unspecified","2010-01-10 00:00:00.000000"
"113110","Course Pro Umbrella","Large red and white patterned golf umbrella.","Course Pro","Golf Equipment","Golf Accessories","Red","Large","2010-01-15 00:00:00.000000"
"114110","Course Pro Golf Bag","High quality golf bag that includes carrying strap and large front pocket.","Course Pro","Golf Equipment","Golf Accessories","Grey","Unspecified","2009-12-15 00:00:00.000000"
"115110","Course Pro Gloves","Durable nylon constructed gloves with stitched leather palm.","Course Pro","Golf Equipment","Golf Accessories","Red","Medium","2009-12-27 00:00:00.000000"
"122110","Bella","The Bella collection bonds the famous functionality factor with dynamic styling and luminous color.","Antoni","Personal Accessories","Eyewear","Blue","Junior","2012-01-01 00:00:00.000000"
"147150","Zone","Zone sunglasses are scratch-resistant and offer full protection from ultraviolet light.","Relax","Personal Accessories","Eyewear","Camouflage","Men's","2010-08-01 00:00:00.000000"
"147160","Zone","Zone sunglasses are scratch-resistant and offer full protection from ultraviolet light.","Relax","Personal Accessories","Eyewear","Black","Men's","2009-01-01 00:00:00.000000"
"147170","Zone","Zone sunglasses are scratch-resistant and offer full protection from ultraviolet light.","Relax","Personal Accessories","Eyewear","Brown","Men's","2009-01-01 00:00:00.000000"
"144180","TX","The TX watch offers 4 separate times.  The synthetic band is durable yet breathable.","Xray","Personal Accessories","Watches","Silver","Men's","2009-01-01 00:00:00.000000"
"147190","Zone","Zone sunglasses are scratch-resistant and offer full protection from ultraviolet light.","Relax","Personal Accessories","Eyewear","Camouflage","Women's","2013-01-01 00:00:00.000000"
"148110","Hawk Eye","Hawk Eye sunglasses are feather light and offer 100% ultraviolet protection.","Trakker","Personal Accessories","Eyewear","Black","Men's","2010-04-01 00:00:00.000000"
"148120","Hawk Eye","Hawk Eye sunglasses are feather light and offer 100% ultraviolet protection.","Trakker","Personal Accessories","Eyewear","Brown","Men's","2010-04-01 00:00:00.000000"
"148130","Hawk Eye","Hawk Eye sunglasses are feather light and offer 100% ultraviolet protection.","Trakker","Personal Accessories","Eyewear","Camouflage","Men's","2010-06-01 00:00:00.000000"
"136150","Sam","The Sam watch has a sophisticated quartz movement, and both analog and digital time display.  Comes with a 5 year warranty.","Relax","Personal Accessories","Watches","Yellow","One-size","2013-04-01 00:00:00.000000"
"140110","Trail Master","A rubberized and water-resistant GPS receiver that includes a 70mm color screen, electronic compass and altimeter. Uses a 64MB memory card. Requires two AA batteries for 18 hours of service. Weighs 238 grams.","Alpha","Personal Accessories","Navigation","Black","Unspecified","2009-01-01 00:00:00.000000"
"141110","Trail Scout","This highly portable GPS has an 80mm color screen. Requires two AA batteries for 18 hours of service. Uses a 22MB memory card. Weighs 210 grams.","Alpha","Personal Accessories","Navigation","Black","Unspecified","2009-01-01 00:00:00.000000"
"142110","Trail Star","A light-weight GPS receiver with a 56mm monochrome display and 24MB internal memory. Requires two AA batteries for 26 hours of service. Weighs only 156 grams.","Alpha","Personal Accessories","Navigation","Silver","Unspecified","2009-01-01 00:00:00.000000"
"143110","Trendi","Trendi sunglasses feature a sporty, stylish, wrap-around design. Soft rocker nose pads and rubberized temple ends provide the ultimate in comfort.","Relax","Personal Accessories","Eyewear","Black","One-size","2009-01-01 00:00:00.000000"
"134110","Pocket Gizmo","A compact tool that includes LED light, blade, tweezers, reamer, screwdriver, file, corkscrew and can opener.","Trakker","Personal Accessories","Knives","Blue","8.4 cm","2009-01-01 00:00:00.000000"
"134120","Pocket Gizmo","A compact tool that includes LED light, blade, tweezers, reamer, screwdriver, file, corkscrew and can opener.","Trakker","Personal Accessories","Knives","Red","8.4 cm","2009-01-01 00:00:00.000000"
"134130","Pocket Gizmo","A compact tool that includes LED light, blade, tweezers, reamer, screwdriver, file, corkscrew and can opener.","Trakker","Personal Accessories","Knives","Silver","8.4 cm","2012-01-01 00:00:00.000000"
"134140","Pocket Gizmo","A compact tool that includes LED light, blade, tweezers, reamer, screwdriver, file, corkscrew and can opener.","Trakker","Personal Accessories","Knives","Camouflage","8.4 cm","2011-01-01 00:00:00.000000"
"135110","Ranger Vision","8x27x50 zoom binoculars include compass and range-finding reticle, multi-coated optics, and textured rubber armoring. Waterproof and lightweight.","Trakker","Personal Accessories","Binoculars","Black","Unspecified","2009-01-01 00:00:00.000000"
"34110","Firefly Extreme","The Firefly Extreme is under 15 cm long yet produces 7,000 candlepower using two lithium batteries and a Xenon bulb. Shock and water resistant. Weight: 135 g.","Extreme","Camping Equipment","Lanterns","Black","12-hour","2006-10-26 00:00:00.000000"
"35110","Firefly Multi-light","This light can be used as either a flashlight or as a lamp. Uses two C batteries, included.  Burn time 7-8 hours. Water-resistant.","Firefly","Camping Equipment","Lanterns","Orange","12-hour","2006-10-26 00:00:00.000000"
"36110","EverGlow Single","Light output approximates a 100 W bulb. Single mantle regulated. Porcelain dome. Uses 0.5 liter  propane cylinder (not included).","EverGlow","Camping Equipment","Lanterns","Blue","5-hour","2001-02-15 00:00:00.000000"
"123160","Capri","Capri sunglasses are a style icon. Lenses incorporate sun-activated tinting and anti-glare coatings for consistent focus.","Antoni","Personal Accessories","Eyewear","Yellow","Women's","2009-01-01 00:00:00.000000"
"124110","Cat Eye","Cat Eye sunglasses are made with a vibrant, high-density plastic. Lenses are scratch resistant.","Trakker","Personal Accessories","Eyewear","Brown","Women's","2009-01-01 00:00:00.000000"
"122120","Bella","The Bella collection bonds the famous functionality factor with dynamic styling and luminous color.","Antoni","Personal Accessories","Eyewear","Pink","Women's","2009-01-01 00:00:00.000000"
"122130","Bella","The Bella collection bonds the famous functionality factor with dynamic styling and luminous color.","Antoni","Personal Accessories","Eyewear","Silver","Junior","2011-01-01 00:00:00.000000"
"122140","Bella","The Bella collection bonds the famous functionality factor with dynamic styling and luminous color.","Antoni","Personal Accessories","Eyewear","White","Junior","2012-04-01 00:00:00.000000"
"122150","Bella","The Bella collection bonds the famous functionality factor with dynamic styling and luminous color.","Antoni","Personal Accessories","Eyewear","Yellow","Junior","2013-06-01 00:00:00.000000"
"123110","Capri","Capri sunglasses are a style icon. Lenses incorporate sun-activated tinting and anti-glare coatings for consistent focus.","Antoni","Personal Accessories","Eyewear","Green","Women's","2010-10-01 00:00:00.000000"
"123120","Capri","Capri sunglasses are a style icon. Lenses incorporate sun-activated tinting and anti-glare coatings for consistent focus.","Antoni","Personal Accessories","Eyewear","Orange","Women's","2009-01-01 00:00:00.000000"
"123130","Capri","Capri sunglasses are a style icon. Lenses incorporate sun-activated tinting and anti-glare coatings for consistent focus.","Antoni","Personal Accessories","Eyewear","Pink","Women's","2013-04-01 00:00:00.000000"
"149110","Retro","Retro sunglasses are inspired by last-century design and new-century resin technology. Available in an array of classic colors.","Epoch","Personal Accessories","Eyewear","Blue","Women's","2013-06-01 00:00:00.000000"
"149120","Retro","Retro sunglasses are inspired by last-century design and new-century resin technology. Available in an array of classic colors.","Epoch","Personal Accessories","Eyewear","Green","Men's","2011-06-01 00:00:00.000000"
"149130","Retro","Retro sunglasses are inspired by last-century design and new-century resin technology. Available in an array of classic colors.","Epoch","Personal Accessories","Eyewear","Orange","Women's","2011-06-01 00:00:00.000000"
"149140","Retro","Retro sunglasses are inspired by last-century design and new-century resin technology. Available in an array of classic colors.","Epoch","Personal Accessories","Eyewear","Red","Women's","2011-04-01 00:00:00.000000"
"149150","Retro","Retro sunglasses are inspired by last-century design and new-century resin technology. Available in an array of classic colors.","Epoch","Personal Accessories","Eyewear","White","Women's","2013-01-01 00:00:00.000000"
"149160","Retro","Retro sunglasses are inspired by last-century design and new-century resin technology. Available in an array of classic colors.","Epoch","Personal Accessories","Eyewear","Yellow","Men's","2011-09-01 00:00:00.000000"
"143120","Trendi","Trendi sunglasses feature a sporty, stylish, wrap-around design. Soft rocker nose pads and rubberized temple ends provide the ultimate in comfort.","Relax","Personal Accessories","Eyewear","Brown","One-size","2009-01-01 00:00:00.000000"
"143130","Trendi","Trendi sunglasses feature a sporty, stylish, wrap-around design. Soft rocker nose pads and rubberized temple ends provide the ultimate in comfort.","Relax","Personal Accessories","Eyewear","Pink","One-size","2009-01-01 00:00:00.000000"
"143140","Trendi","Trendi sunglasses feature a sporty, stylish, wrap-around design. Soft rocker nose pads and rubberized temple ends provide the ultimate in comfort.","Relax","Personal Accessories","Eyewear","Silver","One-size","2012-04-01 00:00:00.000000"
"143150","Trendi","Trendi sunglasses feature a sporty, stylish, wrap-around design. Soft rocker nose pads and rubberized temple ends provide the ultimate in comfort.","Relax","Personal Accessories","Eyewear","White","One-size","2013-04-01 00:00:00.000000"
"144110","TX","The TX watch offers 4 separate times.  The synthetic band is durable yet breathable.","Xray","Personal Accessories","Watches","Blue","Men's","2009-01-01 00:00:00.000000"
"135120","Ranger Vision","8x27x50 zoom binoculars include compass and range-finding reticle, multi-coated optics, and textured rubber armoring. Waterproof and lightweight.","Trakker","Personal Accessories","Binoculars","Silver","Unspecified","2009-01-01 00:00:00.000000"
"135130","Ranger Vision","8x27x50 zoom binoculars include compass and range-finding reticle, multi-coated optics, and textured rubber armoring. Waterproof and lightweight.","Trakker","Personal Accessories","Binoculars","Camouflage","Unspecified","2011-04-01 00:00:00.000000"
"136110","Sam","The Sam watch has a sophisticated quartz movement, and both analog and digital time display.  Comes with a 5 year warranty.","Relax","Personal Accessories","Watches","Black","One-size","2013-01-01 00:00:00.000000"
"124120","Cat Eye","Cat Eye sunglasses are made with a vibrant, high-density plastic. Lenses are scratch resistant.","Trakker","Personal Accessories","Eyewear","Green","Women's","2010-10-01 00:00:00.000000"
"124130","Cat Eye","Cat Eye sunglasses are made with a vibrant, high-density plastic. Lenses are scratch resistant.","Trakker","Personal Accessories","Eyewear","Orange","Women's","2009-01-01 00:00:00.000000"
"124140","Cat Eye","Cat Eye sunglasses are made with a vibrant, high-density plastic. Lenses are scratch resistant.","Trakker","Personal Accessories","Eyewear","Pink","Women's","2009-01-01 00:00:00.000000"
"124150","Cat Eye","Cat Eye sunglasses are made with a vibrant, high-density plastic. Lenses are scratch resistant.","Trakker","Personal Accessories","Eyewear","Red","Women's","2012-04-01 00:00:00.000000"
"124160","Cat Eye","Cat Eye sunglasses are made with a vibrant, high-density plastic. Lenses are scratch resistant.","Trakker","Personal Accessories","Eyewear","White","Women's","2012-10-01 00:00:00.000000"
"124170","Cat Eye","Cat Eye sunglasses are made with a vibrant, high-density plastic. Lenses are scratch resistant.","Trakker","Personal Accessories","Eyewear","Yellow","Women's","2011-09-01 00:00:00.000000"
"124180","Cat Eye","Cat Eye sunglasses are made with a vibrant, high-density plastic. Lenses are scratch resistant.","Trakker","Personal Accessories","Eyewear","Camouflage","Women's","2012-10-01 00:00:00.000000"
"123140","Capri","Capri sunglasses are a style icon. Lenses incorporate sun-activated tinting and anti-glare coatings for consistent focus.","Antoni","Personal Accessories","Eyewear","Red","Women's","2011-10-01 00:00:00.000000"
"123150","Capri","Capri sunglasses are a style icon. Lenses incorporate sun-activated tinting and anti-glare coatings for consistent focus.","Antoni","Personal Accessories","Eyewear","White","Women's","2012-10-01 00:00:00.000000"
"151110","Astro Pilot","This GPS has a high-contrast 86mm color screen that is viewable in sunlight. Requires four AA batteries for 15 hours of service. Uses a 30MB memory card. Weighs 340 grams.","Trakker","Personal Accessories","Navigation","Black","Unspecified","2011-06-01 00:00:00.000000"
"151120","Astro Pilot","This GPS has a high-contrast 86mm color screen that is viewable in sunlight. Requires four AA batteries for 15 hours of service. Uses a 30MB memory card. Weighs 340 grams.","Trakker","Personal Accessories","Navigation","Silver","Unspecified","2013-02-01 00:00:00.000000"
"151130","Astro Pilot","This GPS has a high-contrast 86mm color screen that is viewable in sunlight. Requires four AA batteries for 15 hours of service. Uses a 30MB memory card. Weighs 340 grams.","Trakker","Personal Accessories","Navigation","Yellow","Unspecified","2013-02-01 00:00:00.000000"
"152110","Sky Pilot","Small and lightweight, this GPS has a 55mm color screen and comes with a 32MB memory card. It includes an electronic compass and altimeter. Base maps are included. Requires two AA batteries for 18 hours of service. Weighs only 160 grams.","Trakker","Personal Accessories","Navigation","Black","Unspecified","2011-06-01 00:00:00.000000"
"144120","TX","The TX watch offers 4 separate times.  The synthetic band is durable yet breathable.","Xray","Personal Accessories","Watches","Brown","Men's","2009-01-01 00:00:00.000000"
"144130","TX","The TX watch offers 4 separate times.  The synthetic band is durable yet breathable.","Xray","Personal Accessories","Watches","Green","Men's","2013-01-01 00:00:00.000000"
"144140","TX","The TX watch offers 4 separate times.  The synthetic band is durable yet breathable.","Xray","Personal Accessories","Watches","Yellow","Men's","2009-01-01 00:00:00.000000"
"144150","TX","The TX watch offers 4 separate times.  The synthetic band is durable yet breathable.","Xray","Personal Accessories","Watches","Camouflage","Women's","2009-01-01 00:00:00.000000"
"144160","TX","The TX watch offers 4 separate times.  The synthetic band is durable yet breathable.","Xray","Personal Accessories","Watches","Blue","Women's","2012-04-01 00:00:00.000000"
"144170","TX","The TX watch offers 4 separate times.  The synthetic band is durable yet breathable.","Xray","Personal Accessories","Watches","Red","Women's","2009-01-01 00:00:00.000000"
"144190","TX","The TX watch offers 4 separate times.  The synthetic band is durable yet breathable.","Xray","Personal Accessories","Watches","Yellow","Women's","2009-01-01 00:00:00.000000"
"124190","Cat Eye","Cat Eye sunglasses are made with a vibrant, high-density plastic. Lenses are scratch resistant.","Trakker","Personal Accessories","Eyewear","Black","Women's","2009-01-01 00:00:00.000000"
"125110","Venue","The Venue has a fun and fashionable oversized watch face, with a bright colored synthetic leather strap.","Relax","Personal Accessories","Watches","Black","One-size","2009-01-01 00:00:00.000000"
"125120","Venue","The Venue has a fun and fashionable oversized watch face, with a bright colored synthetic leather strap.","Relax","Personal Accessories","Watches","Green","One-size","2009-01-01 00:00:00.000000"
"125130","Venue","The Venue has a fun and fashionable oversized watch face, with a bright colored synthetic leather strap.","Relax","Personal Accessories","Watches","Orange","One-size","2013-07-01 00:00:00.000000"
"125140","Venue","The Venue has a fun and fashionable oversized watch face, with a bright colored synthetic leather strap.","Relax","Personal Accessories","Watches","Pink","One-size","2009-01-01 00:00:00.000000"
"125150","Venue","The Venue has a fun and fashionable oversized watch face, with a bright colored synthetic leather strap.","Relax","Personal Accessories","Watches","Red","One-size","2011-04-01 00:00:00.000000"
"125160","Venue","The Venue has a fun and fashionable oversized watch face, with a bright colored synthetic leather strap.","Relax","Personal Accessories","Watches","White","One-size","2012-10-01 00:00:00.000000"
"153110","Auto Pilot","The Auto Pilot is an easy-to-use navigation system for the road. A 90mm color touchscreen and audio directions make exploration fast and fun. Comes with preloaded maps.","Trakker","Personal Accessories","Navigation","Silver","Unspecified","2012-06-01 00:00:00.000000"
"154110","Kodiak","The Kodiak includes a tough leather strap, precision Swiss quartz movement, with luminous hands and markers.","Trakker","Personal Accessories","Watches","Blue","Men's","2009-01-01 00:00:00.000000"
"154120","Kodiak","The Kodiak includes a tough leather strap, precision Swiss quartz movement, with luminous hands and markers.","Trakker","Personal Accessories","Watches","Brown","Men's","2009-01-01 00:00:00.000000"
"154130","Kodiak","The Kodiak includes a tough leather strap, precision Swiss quartz movement, with luminous hands and markers.","Trakker","Personal Accessories","Watches","Green","Men's","2009-01-01 00:00:00.000000"
"154140","Kodiak","The Kodiak includes a tough leather strap, precision Swiss quartz movement, with luminous hands and markers.","Trakker","Personal Accessories","Watches","Silver","Men's","2013-01-01 00:00:00.000000"
"144200","TX","The TX watch offers 4 separate times.  The synthetic band is durable yet breathable.","Xray","Personal Accessories","Watches","Camouflage","Men's","2011-10-01 00:00:00.000000"
"145110","Legend","Solid titanium case, crown, bezel.  Combination nylon and rubber strap. Analog representation on digital interface.  Backlit, hardened mineral crystal, water-resistant to 100 meters.","Epoch","Personal Accessories","Watches","Green","Women's","2009-01-01 00:00:00.000000"
"145120","Legend","Solid titanium case, crown, bezel.  Combination nylon and rubber strap. Analog representation on digital interface.  Backlit, hardened mineral crystal, water-resistant to 100 meters.","Epoch","Personal Accessories","Watches","Brown","Women's","2012-10-01 00:00:00.000000"
"145130","Legend","Solid titanium case, crown, bezel.  Combination nylon and rubber strap. Analog representation on digital interface.  Backlit, hardened mineral crystal, water-resistant to 100 meters.","Epoch","Personal Accessories","Watches","Silver","Women's","2009-01-01 00:00:00.000000"
"145140","Legend","Solid titanium case, crown, bezel.  Combination nylon and rubber strap. Analog representation on digital interface.  Backlit, hardened mineral crystal, water-resistant to 100 meters.","Epoch","Personal Accessories","Watches","Black","Men's","2012-07-01 00:00:00.000000"
"125170","Venue","The Venue has a fun and fashionable oversized watch face, with a bright colored synthetic leather strap.","Relax","Personal Accessories","Watches","Yellow","One-size","2009-01-01 00:00:00.000000"
"126110","Dante","Dante sunglasses have polarized antiglare lenses.  The frames come in a range of brilliant colors.","Antoni","Personal Accessories","Eyewear","Blue","Women's","2009-01-01 00:00:00.000000"
"126120","Dante","Dante sunglasses have polarized antiglare lenses.  The frames come in a range of brilliant colors.","Antoni","Personal Accessories","Eyewear","Orange","Women's","2011-06-01 00:00:00.000000"
"126130","Dante","Dante sunglasses have polarized antiglare lenses.  The frames come in a range of brilliant colors.","Antoni","Personal Accessories","Eyewear","Pink","Women's","2009-01-01 00:00:00.000000"
"126140","Dante","Dante sunglasses have polarized antiglare lenses.  The frames come in a range of brilliant colors.","Antoni","Personal Accessories","Eyewear","Red","Women's","2009-01-01 00:00:00.000000"
"126150","Dante","Dante sunglasses have polarized antiglare lenses.  The frames come in a range of brilliant colors.","Antoni","Personal Accessories","Eyewear","Silver","Women's","2012-06-01 00:00:00.000000"
"154150","Kodiak","The Kodiak includes a tough leather strap, precision Swiss quartz movement, with luminous hands and markers.","Trakker","Personal Accessories","Watches","Camouflage","Men's","2010-07-01 00:00:00.000000"
"145150","Legend","Solid titanium case, crown, bezel.  Combination nylon and rubber strap. Analog representation on digital interface.  Backlit, hardened mineral crystal, water-resistant to 100 meters.","Epoch","Personal Accessories","Watches","Orange","Women's","2009-01-01 00:00:00.000000"
"145160","Legend","Solid titanium case, crown, bezel.  Combination nylon and rubber strap. Analog representation on digital interface.  Backlit, hardened mineral crystal, water-resistant to 100 meters.","Epoch","Personal Accessories","Watches","Pink","Men's","2009-01-01 00:00:00.000000"
"145170","Legend","Solid titanium case, crown, bezel.  Combination nylon and rubber strap. Analog representation on digital interface.  Backlit, hardened mineral crystal, water-resistant to 100 meters.","Epoch","Personal Accessories","Watches","Silver","Men's","2009-01-01 00:00:00.000000"
"145180","Legend","Solid titanium case, crown, bezel.  Combination nylon and rubber strap. Analog representation on digital interface.  Backlit, hardened mineral crystal, water-resistant to 100 meters.","Epoch","Personal Accessories","Watches","White","Women's","2012-04-01 00:00:00.000000"
"146110","Zodiak","The Zodiak has a durable synthetic leather strap, digital face, hardened crystal, and is water-resistant to 100 meters.","Trakker","Personal Accessories","Watches","Blue","Women's","2012-01-01 00:00:00.000000"
"146120","Zodiak","The Zodiak has a durable synthetic leather strap, digital face, hardened crystal, and is water-resistant to 100 meters.","Trakker","Personal Accessories","Watches","Brown","Women's","2011-04-01 00:00:00.000000"
"127110","Fairway","Fairway sunglasses offer complete ultraviolet protection and have a patented soft-frame construction for perfect comfort and fit.","Alpha","Personal Accessories","Eyewear","Black","Men's","2009-01-01 00:00:00.000000"
"127120","Fairway","Fairway sunglasses offer complete ultraviolet protection and have a patented soft-frame construction for perfect comfort and fit.","Alpha","Personal Accessories","Eyewear","Blue","Men's","2012-01-01 00:00:00.000000"
"127130","Fairway","Fairway sunglasses offer complete ultraviolet protection and have a patented soft-frame construction for perfect comfort and fit.","Alpha","Personal Accessories","Eyewear","Brown","Men's","2009-01-01 00:00:00.000000"
"127140","Fairway","Fairway sunglasses offer complete ultraviolet protection and have a patented soft-frame construction for perfect comfort and fit.","Alpha","Personal Accessories","Eyewear","Green","Men's","2012-08-01 00:00:00.000000"
"127150","Fairway","Fairway sunglasses offer complete ultraviolet protection and have a patented soft-frame construction for perfect comfort and fit.","Alpha","Personal Accessories","Eyewear","Orange","Men's","2009-01-01 00:00:00.000000"
"128110","Inferno","Inferno sunglasses have polarized, antiglare lenses and fiberglass frames. They come with a 5 year warranty.","Epoch","Personal Accessories","Eyewear","Green","Women's","2012-08-01 00:00:00.000000"
"146130","Zodiak","The Zodiak has a durable synthetic leather strap, digital face, hardened crystal, and is water-resistant to 100 meters.","Trakker","Personal Accessories","Watches","Green","Women's","2011-10-01 00:00:00.000000"
"146140","Zodiak","The Zodiak has a durable synthetic leather strap, digital face, hardened crystal, and is water-resistant to 100 meters.","Trakker","Personal Accessories","Watches","Silver","Women's","2011-07-01 00:00:00.000000"
"147110","Zone","Zone sunglasses are scratch-resistant and offer full protection from ultraviolet light.","Relax","Personal Accessories","Eyewear","Black","Women's","2009-01-01 00:00:00.000000"
"128120","Inferno","Inferno sunglasses have polarized, antiglare lenses and fiberglass frames. They come with a 5 year warranty.","Epoch","Personal Accessories","Eyewear","Orange","Women's","2013-06-01 00:00:00.000000"
"128130","Inferno","Inferno sunglasses have polarized, antiglare lenses and fiberglass frames. They come with a 5 year warranty.","Epoch","Personal Accessories","Eyewear","Red","Women's","2012-04-01 00:00:00.000000"
"128140","Inferno","Inferno sunglasses have polarized, antiglare lenses and fiberglass frames. They come with a 5 year warranty.","Epoch","Personal Accessories","Eyewear","Black","Men's","2009-01-01 00:00:00.000000"
"128150","Inferno","Inferno sunglasses have polarized, antiglare lenses and fiberglass frames. They come with a 5 year warranty.","Epoch","Personal Accessories","Eyewear","Blue","Men's","2009-01-01 00:00:00.000000"
"128160","Inferno","Inferno sunglasses have polarized, antiglare lenses and fiberglass frames. They come with a 5 year warranty.","Epoch","Personal Accessories","Eyewear","Green","Men's","2013-01-01 00:00:00.000000"
"128170","Inferno","Inferno sunglasses have polarized, antiglare lenses and fiberglass frames. They come with a 5 year warranty.","Epoch","Personal Accessories","Eyewear","Red","Men's","2013-04-01 00:00:00.000000"
"128180","Inferno","Inferno sunglasses have polarized, antiglare lenses and fiberglass frames. They come with a 5 year warranty.","Epoch","Personal Accessories","Eyewear","Silver","Men's","2012-08-01 00:00:00.000000"
